SKU,Marca,Nombre,Tamaño,Tipo,Género,Precio,Disponible,Destacado,Foto
ZX_PE-AFN-U-072836,Afnan,9 AM Dive,100 ml,EDP,Unisex,48,Sí,No,
6290171002338,Afnan,9PM,100 ml,EDP,Hombre,45,Sí,No,
6290171001614,Afnan,Supremacy Noir,100 ml,EDP,Hombre,45,Sí,No,
ZX_PE-AB-M-737835,Antonio Banderas,Blue Seduction,200 ml,EDT,Hombre,35,Sí,No,
ZX_PE-AB-M-999332,Antonio Banderas,The Icon,100 ml,EDP,Hombre,32,Sí,No,
ZX_PE-AB-M-109687,Antonio Banderas,The Icon Supreme,100 ml,EDP,Hombre,35,Sí,No,
ZX_PE-AR-W-020301,Ariana Grande,Ari,100 ml,EDP,Mujer,55,Sí,No,
ZX_PE-AR-W-022389,Ariana Grande,Cloud,100 ml,EDP,Mujer,75,Sí,Sí,img/cloud.webp
EP-ag-sweet-like-candy,Ariana Grande,Sweet Like Candy,100 ml,EDP,Mujer,60,Sí,No,
ZX_PE-AU-M-164152,Armaf,Club de Nuit Blue Iconic,100 ml,EDP,Hombre,60,Sí,Sí,img/club-de-nuit-blue-iconic.webp
EP-armaf-cdn-intense,Armaf,Club de Nuit Intense,105 ml,EDP,Hombre,55,Sí,No,
ZX_PE-AU-W-801116,Armaf,Club de Nuit Maleka,105 ml,EDP,Mujer,65,Sí,No,
ZX_PE-AU-M-102499,Armaf,Hunter Intense,100 ml,EDT,Hombre,45,Sí,No,
EP-armaf-lionheart-woman,Armaf,Lionheart Woman,100 ml,EDP,Mujer,68,Sí,No,
ZX_PE-AU-M-109313,Armaf,Odyssey Homme Black,100 ml,EDP,Hombre,40,Sí,No,
EP-armaf-odyssey-homme-black-60,Armaf,Odyssey Homme Black,60 ml,EDP,Hombre,35,Sí,No,odyssey-homme-black.webp
ZX_PE-AU-M-149371,Armaf,Odyssey Mandarin Sky,100 ml,EDP,Hombre,45,Sí,No,odyssey-mandarin-sky.webp
ZX_PE-AU-U-807217,Armaf,Odyssey Marshmallow,100 ml,EDP,Unisex,45,Sí,No,odyssey-marshmallow.webp
ZX_PE-AU-U-805787,Armaf,Odyssey Revolution Ultra,100 ml,EDP,Unisex,45,Sí,No,odyssey-revolution-ultra.webp
ZX_PE-AU-M-094663,Armaf,Tres Nuit,100 ml,EDP,Hombre,35,Sí,No,tres-nuit.webp
ZX_PE-BHA-U-062769,Bharara,Rome Imagine,100 ml,EDP,Unisex,48,Sí,No,rome-imagine.webp
ZX_PE-BHA-M-670480,Bharara,Rome Intense,100 ml,EDP,Hombre,48,Sí,No,rome-intense.webp
ZX_PE-BHA-W-670336,Bharara,Rome La Bomba,100 ml,EDP,Mujer,48,Sí,No,rome-la-bomba.webp
EP-britney-fantasy,Britney Spears,Fantasy,100 ml,EDP,Mujer,38,Sí,No,fantasy.webp
EP-dg-devotion-men,"Dolce & Gabbana",Devotion for Men,100 ml,EDP,Hombre,85,Sí,No,
ZX_PE-DG-W-020233,Dolce & Gabbana,Light Blue,100 ml,EDT,Mujer,75,Sí,No,light-blue.webp
ZX_PE-DM-M-761880,Dumont,Nitro Red,100 ml,EDP,Hombre,48,Sí,No,nitro-red.webp
ZX_PE-DM-M-769565,Dumont,Nitro Red Intensely,100 ml,EDP,Hombre,65,Sí,No,nitro-red-intensely.webp
ZX_PE-DM-M-764171,Dumont,Nitro White,100 ml,EDP,Hombre,52,Sí,No,nitro-white.webp
ZX_PE-EA-W-390600,Elizabeth Arden,5th Avenue,125 ml,EDP,Mujer,45,Sí,No,5th-avenue.webp
EP-emper-donna-intense,Emper,Donna Intense by Stallion 53,100 ml + 20 ml,EDP,Mujer,40,Sí,No,donna-intense.webp
ZX_PE-EMP-W-904865,Emper,Set Mardora,100 ml + 20 ml,EDP,Mujer,45,Sí,No,set-mandora.webp
EP-emper-stallion-53,Emper,Stallion 53,100 ml + 20 ml,EDP,Hombre,40,Sí,No,stallion-53.webp
ZX_PE-GU-W-320513,Guess,Guess,75 ml,EDP,Mujer,40,Sí,No,guess.webp
ZX_PE-GU-W-320216,Guess,Seductive Noir,75 ml,EDT,Mujer,40,Sí,No,seductive-noir.webp
ZX_PE-GU-W-000033,Guess,Seductive Red,75 ml,EDT,Mujer,43,Sí,No,seductive-red.webp
ZX_PE-HB-M-766775,Hugo Boss,Unlimited,100 ml,EDT,Hombre,56,Sí,No,boss-unlimited.webp
ZX_PE-JD-W-342016,Jesús del Pozo,Halloween,100 ml,EDT,Mujer,52,Sí,No,halloween.webp
ZX_PE-JO-M-000608,Joop,Homme,125 ml,EDT,Hombre,40,Sí,No,joop-homme.webp
ZX_PE-LT-M-346548,Lattafa,Asad Elixir,100 ml,EDP,Hombre,55,Sí,No,asad-elixir.webp
EP-lattafa-eclaire,Lattafa,Eclaire,100 ml,EDP,Mujer,55,Sí,No,eclaire.webp
ZX_PE-LT-W-598970,Lattafa,Mayar Natural Intense,100 ml,EDP,Mujer,40,Sí,No,mayar-natural-intense.webp
ZX_PE-LT-W-450605,Lattafa,Qimmah,100 ml,EDP,Mujer,35,Sí,No,qimmah.webp
6290350599168,Lattafa,Yara Candy,100 ml,EDP,Mujer,45,Sí,No,yara-candy.webp
ZX_PE-LT-W-346531,Lattafa,Yara Elixir,100 ml,EDP,Mujer,55,Sí,Sí,img/yara-elixir.webp
ZX_PE-MA-U-160421,Maison Alhambra,Jean Lowe Fantasme,100 ml,EDP,Unisex,50,Sí,No,jean-lowe-fantasme.webp
6290360590738,Maison Alhambra,Narissa Ambre,100 ml,EDP,Mujer,25,Sí,No,narissa-ambre.webp
EP-mast-rome-extradose,Mast,Rome Extradose Pour Homme,100 ml,EDP,Hombre,55,Sí,No,rome-extradose.webp
810200670411,Mast,Rome Melancholia Pour Femme,100 ml,EDP,Mujer,55,Sí,No,rome-melancholia.webp
ZX_PE-N-M-930722,Nautica,Blue Sail,100 ml,EDT,Hombre,35,Sí,No,nautica-blue-sail.webp
3661163904016,Nautica,Nautica Clásico,100 ml,EDT,Hombre,26,Sí,No,nautica-clasico.webp
ZX_PE-N-M-531908,Nautica,Voyage,100 ml,EDT,Hombre,35,Sí,No,nautica-voyage.webp
ZX_PE-PH-W-517482,Paris Hilton,Paris Hilton,100 ml,EDP,Mujer,45,Sí,No,paris-hilton-mujer.webp
ZX_PE-PH-M-519769,Paris Hilton,Paris Hilton,100 ml,EDT,Hombre,50,Sí,No,paris-hilton-hombre.webp
ZX_PE-PE-M-000551,Perry Ellis,360 Red,100 ml,EDT,Hombre,48,Sí,No,360-red.webp
6291107459325,Philos,Centro,100 ml,EDP,Unisex,30,Sí,No,philos-centro.webp
ZX_PE-RA-M-331026,Rasasi,Hawas,100 ml,EDP,Hombre,53,Sí,Sí,img/hawas.webp
ZX_PE-RA-M-331262,Rasasi,Hawas Gold Digger,100 ml,EDP,Hombre,65,Sí,No,hawas-gold-digger.webp
ZX_PE-RA-M-331040,Rasasi,Hawas Ice,100 ml,EDP,Hombre,60,Sí,No,hawas-ice.webp
7640496670160,Tommy Hilfiger,Tommy,100 ml,EDT,Hombre,45,Sí,No,tommy.webp
7640496670139,Tommy Hilfiger,Tommy Girl,100 ml,EDT,Mujer,45,Sí,No,tommy-girl.webp
8018365260757,Versace,Blue Jeans,75 ml,EDT,Hombre,34,Sí,No,blue-jeans.webp
8018365270756,Versace,Red Jeans,75 ml,EDT,Mujer,38,Sí,No,red-jeans.webp
ZX_PE-ZI-U-075622,Zimaya,Tiramisu Caramel,100 ml,EDP,Unisex,45,Sí,No,tiramisu-caramel.webp
ZX_PE-ZI-W-077510,Zimaya,Tiramisu S'mores,100 ml,EDP,Mujer,48,Sí,No,tiramisu-smores.webp
